prediction,probability,label
0,0.055253252,0
0,0.08719826,1
0,0.14945193,1
0,0.24225257,1
0,0.037272908,0
0,0.03369708,0
0,0.09080494,0
0,0.033179875,0
0,0.077660754,0
0,0.030505374,0
0,0.092006326,0
1,0.76348054,1
0,0.05794686,0
0,0.06999327,0
0,0.027099451,0
0,0.26815116,1
0,0.06090991,0
0,0.09969038,0
0,0.033750065,1
0,0.078487284,0
0,0.12407019,0
0,0.09678244,0
0,0.120583415,0
0,0.053474434,0
0,0.1383046,0
0,0.077614054,0
0,0.068526745,0
0,0.05557261,0
0,0.062882096,0
0,0.032578096,0
0,0.09052715,0
0,0.11049192,0
0,0.21351269,0
0,0.04395676,0
0,0.0800276,0
0,0.049419727,0
0,0.13513513,0
0,0.115914166,0
0,0.038343526,0
0,0.11058784,0
0,0.046660043,0
0,0.041359425,0
0,0.029107738,0
0,0.076182514,0
0,0.15273447,0
0,0.105163835,0
0,0.08404249,0
0,0.07922382,1
0,0.03550361,1
0,0.08079946,1
0,0.07659691,0
0,0.09935083,0
0,0.09042706,0
1,0.6330356,1
0,0.03351582,0
0,0.04820355,0
0,0.03389695,0
0,0.09774092,0
0,0.096221924,0
0,0.057016037,0
0,0.09423707,0
0,0.08360289,0
0,0.07177919,0
0,0.054572772,0
0,0.07217239,0
0,0.14129265,0
0,0.02818828,0
0,0.042411488,0
0,0.4386541,0
0,0.07688288,1
0,0.09312963,0
0,0.09047869,0
0,0.07573035,0
0,0.07345275,0
0,0.33439922,1
0,0.18169223,0
0,0.09305559,1
0,0.049718667,0
0,0.08143531,0
0,0.033750065,0
0,0.047190856,0
0,0.029436704,0
0,0.49930805,0
0,0.053027377,0
0,0.056287806,0
0,0.035326965,0
0,0.068526745,0
0,0.07987003,0
0,0.10801019,0
0,0.08143531,0
0,0.036929954,0
0,0.02818828,0
0,0.0653648,1
0,0.25441158,1
1,0.56951475,1
0,0.034084376,1
0,0.089993775,1
0,0.053025454,0
0,0.058308177,0
0,0.049816214,0
0,0.11444544,0
0,0.086774305,0
0,0.10672186,0
0,0.061238497,0
0,0.050454523,0
0,0.04695845,0
0,0.116427176,0
0,0.031721175,0
0,0.15163851,0
0,0.05544507,1
0,0.046899233,0
0,0.086774305,0
0,0.45614108,0
0,0.043848842,0
0,0.06791565,0
0,0.09937001,0
0,0.089417346,0
0,0.06658975,0
0,0.1146916,0
0,0.05289793,0
0,0.060663577,0
0,0.08990076,0
0,0.050454523,1
0,0.066745214,0
0,0.09678244,0
0,0.07177919,0
1,0.64303476,1
0,0.02818828,0
0,0.10348752,0
0,0.13283372,1
0,0.06658975,0
0,0.05395354,0
0,0.045943003,0
0,0.058481514,0
0,0.26477686,0
0,0.02719421,0
0,0.05407546,0
0,0.10527394,0
0,0.06274743,0
0,0.07454829,0
0,0.076538034,0
0,0.15623222,0
0,0.07791775,1
0,0.088954434,0
0,0.092306264,0
0,0.038312044,0
0,0.08579109,0
0,0.09986984,0
0,0.098222055,0
0,0.27560914,0
0,0.06389153,0
0,0.065826945,0
0,0.082070716,0
0,0.06491019,0
0,0.08423913,0
1,0.6498197,0
0,0.08457914,0
0,0.051686443,0
0,0.033536725,0
0,0.031835053,0
0,0.086233556,0
0,0.08404249,1
0,0.04575997,0
0,0.049890142,0
0,0.08762477,0
0,0.1438292,0
0,0.04746499,0
0,0.07165951,0
0,0.08467383,0
0,0.07987003,0
0,0.04822411,0
0,0.032578096,0
0,0.07239187,0
0,0.034812022,0
0,0.027198505,0
0,0.083879925,0
0,0.032939512,0
0,0.068526745,0
0,0.39705086,0
0,0.07289189,0
0,0.04635088,0
0,0.030108452,0
0,0.063802026,0
0,0.092302315,0
0,0.089417346,0
0,0.061643127,0
0,0.058995772,0
0,0.09443292,0
0,0.041201666,0
0,0.2912274,1
0,0.06661653,0
0,0.09045356,0
0,0.06016014,0
0,0.072143145,0
0,0.049890142,0
0,0.15361953,1
0,0.050517358,0
0,0.072524495,0
0,0.052117564,0
0,0.112943776,0
0,0.05009871,1
0,0.037017547,0
0,0.046899233,0
0,0.029167132,0
0,0.068526745,1
0,0.2515457,0
0,0.20581368,1
0,0.033750065,0
0,0.07811645,0
0,0.051176686,0
0,0.04174149,0
0,0.04053164,0
0,0.0630659,0
0,0.02823775,0
0,0.103089154,0
0,0.06427077,0
0,0.08431887,0
0,0.046062063,0
0,0.076182514,0
0,0.09070374,0
0,0.09129379,0
0,0.049890142,0
0,0.033750065,0
1,0.86123306,1
0,0.21084203,0
0,0.04695603,0
0,0.09403447,0
0,0.18481983,0
0,0.082743436,0
0,0.031434022,0
0,0.09150571,0
0,0.0689842,0
0,0.06299916,0
0,0.036611803,0
0,0.11718165,1
0,0.12580721,0
0,0.06777004,0
0,0.07177919,0
0,0.0847146,0
0,0.032467168,0
0,0.03189477,0
0,0.047921486,0
0,0.042425014,0
0,0.040219042,0
0,0.108153515,0
0,0.09070374,0
0,0.09812016,0
0,0.09129379,0
0,0.07289189,1
0,0.044650897,0
0,0.08023707,0
0,0.064281166,0
0,0.038343526,0
0,0.06343795,0
0,0.07177919,0
0,0.0643614,0
0,0.086774305,0
0,0.045049317,0
0,0.08404249,1
0,0.087586716,0
0,0.026321944,0
0,0.04071108,0
0,0.4750014,0
0,0.036352362,0
0,0.053248327,0
0,0.092006326,0
0,0.028339727,0
0,0.08023707,0
0,0.07943973,0
0,0.43050653,0
0,0.047973312,0
0,0.031151846,0
0,0.10486062,0
0,0.087586716,0
0,0.040561162,0
0,0.07177919,0
0,0.45614108,0
0,0.07947804,0
0,0.046899233,0
0,0.031448092,0
0,0.11186959,0
0,0.07257099,0
0,0.17643976,0
0,0.087586716,0
0,0.07672868,0
0,0.074106306,0
0,0.37287655,0
0,0.06658975,0
0,0.13309534,0
0,0.10164804,0
0,0.033179875,0
0,0.038407173,0
0,0.1486243,1
0,0.04305781,0
0,0.02779193,0
0,0.1186912,0
0,0.26795462,1
0,0.4506283,0
0,0.03568321,0
0,0.07673735,0
0,0.030600598,0
0,0.060495626,0
0,0.08423913,0
1,0.56951475,1
0,0.044629525,0
0,0.032895096,1
0,0.27624956,0
1,0.82422906,1
0,0.08431887,0
0,0.09200128,1
0,0.035089403,0
0,0.05582612,0
0,0.05828847,0
0,0.08023707,0
0,0.14507346,0
0,0.029167132,0
0,0.1030401,0
0,0.3190457,0
0,0.034323387,1
0,0.09822577,0
0,0.12609877,0
0,0.24955685,0
0,0.040123016,0
0,0.076182514,0
0,0.092306264,0
0,0.06451709,0
0,0.14536054,1
0,0.21245554,0
0,0.02742928,0
0,0.19349088,1
0,0.03645226,1
0,0.09289129,0
0,0.038964875,0
0,0.29065388,0
0,0.15235318,0
0,0.031259205,0
0,0.07289189,0
0,0.04384219,0
0,0.101346314,0
0,0.10809598,0
0,0.061903033,0
1,0.5900323,1
0,0.05287825,0
0,0.263125,0
0,0.05605798,0
0,0.044573843,0
0,0.067607954,0
0,0.0605728,0
0,0.05794686,0
0,0.17643976,1
0,0.04395676,0
0,0.47011575,0
0,0.08747593,1
0,0.15618695,1
0,0.079875305,0
0,0.08759135,0
0,0.03102623,0
0,0.25196052,0
0,0.07069898,0
0,0.10527394,0
0,0.086774305,0
0,0.05407546,0
0,0.03393035,0
0,0.02766807,0
0,0.09819469,0
1,0.5037337,1
0,0.05576107,0
0,0.03787998,0
0,0.08913996,0
0,0.058944132,0
0,0.03983459,0
0,0.07433048,0
0,0.039115768,0
0,0.25441158,1
0,0.12156298,1
0,0.04395676,0
0,0.36149558,1
0,0.046899233,0
0,0.07469572,0
0,0.13208568,0
0,0.08804965,0
0,0.05681541,0
0,0.070470504,0
0,0.083879925,0
0,0.038343526,0
0,0.08263831,0
0,0.2682691,0
0,0.10918726,0
0,0.11451294,0
0,0.034812022,0
0,0.057016037,0
0,0.17574169,1
0,0.11029579,0
1,0.8071506,1
0,0.04305781,0
1,0.5305665,0
0,0.24441195,0
0,0.041438304,0
0,0.06662232,1
0,0.10653742,0
0,0.26175222,1
0,0.035612356,0
0,0.09822577,0
0,0.098986514,0
0,0.08103304,0
0,0.041748337,0
0,0.08449139,0
0,0.062969975,0
0,0.053027377,0
0,0.06675284,0
0,0.09312963,0
0,0.08406818,0
0,0.07987406,0
0,0.036554467,0
1,0.5619319,1
0,0.072143145,0
1,0.58137447,1
0,0.049890142,0
0,0.040302325,0
0,0.08404249,0
0,0.11643718,0
0,0.04395676,0
0,0.092302315,1
0,0.028377824,0
0,0.089417346,0
0,0.10142041,0
0,0.038939755,0
0,0.15460935,0
0,0.03551536,0
0,0.038249813,0
0,0.10892727,0
0,0.036554467,0
0,0.07177919,0
0,0.06306434,0
0,0.06834475,0
0,0.1146916,0
0,0.038343526,0
0,0.030668877,0
0,0.11634618,1
0,0.047430836,0
0,0.040245153,0
0,0.063493006,0
0,0.037272908,0
0,0.11084534,0
0,0.43290454,1
0,0.038964875,0
0,0.07454829,0
0,0.064686745,0
0,0.08553882,0
0,0.08759135,0
0,0.035924803,0
0,0.08263831,0
0,0.08990076,0
0,0.07289189,0
0,0.09391945,0
0,0.08945328,0
0,0.08796027,0
0,0.09678244,0
0,0.031835053,0
0,0.032822095,0
0,0.1886295,1
0,0.03382116,0
0,0.08869586,0
0,0.08431887,0
0,0.06899941,0
0,0.10563176,1
0,0.031753622,0
0,0.03150324,0
0,0.07345275,0
0,0.066531986,0
0,0.09783611,0
0,0.050046246,0
0,0.09457125,0
0,0.32246614,0
0,0.054981768,0
0,0.023848541,0
0,0.06047727,0
0,0.041438304,1
0,0.43058106,1
0,0.022212904,0
0,0.06991574,0
0,0.03587344,0
0,0.09150571,0
0,0.033750065,0
0,0.106504,0
0,0.0679509,0
0,0.11448104,0
0,0.038720246,0
0,0.025544103,0
0,0.115914166,0
0,0.08423913,0
0,0.0669764,0
0,0.0711822,0
0,0.06658975,0
0,0.09572749,0
0,0.034812022,0
0,0.033756487,1
0,0.09824127,0
0,0.024707472,0
0,0.03974964,0
0,0.2476001,0
0,0.09953532,0
0,0.08404249,1
0,0.052630212,1
0,0.12134192,0
0,0.07454829,0
0,0.05808977,0
0,0.07691673,0
0,0.087644964,0
0,0.033264417,0
0,0.07987003,0
0,0.07513376,1
0,0.04865231,0
0,0.12221063,0
0,0.035612356,0
0,0.09070374,0
0,0.049890142,0
0,0.035829604,0
0,0.054790754,0
0,0.044573843,0
0,0.087644964,0
0,0.021410653,0
0,0.03877516,0
0,0.086242616,0
0,0.14129265,0
0,0.11029579,0
0,0.072076954,0
0,0.06794935,0
1,0.7733639,0
0,0.053207695,0
0,0.046899233,0
0,0.044604547,0
0,0.045115117,0
0,0.069100276,1
0,0.055894434,0
1,0.8797786,1
0,0.075156264,0
0,0.1117001,0
0,0.033179875,0
0,0.062536664,0
0,0.4297159,1
0,0.07287237,0
0,0.07454829,0
0,0.11109512,0
0,0.039698493,0
0,0.08423913,0
1,0.76584846,0
0,0.07177919,1
0,0.07922382,0
0,0.19753557,0
0,0.040245153,0
0,0.03166523,0
0,0.07255492,0
0,0.07952472,0
0,0.07673735,0
0,0.05350227,0
0,0.07217239,0
0,0.07922382,0
0,0.07454829,0
0,0.045943003,0
1,0.5012866,1
0,0.066531986,0
0,0.027289214,0
0,0.07765989,1
0,0.076182514,0
0,0.054254867,0
0,0.31586683,0
0,0.07454829,1
0,0.041605275,0
0,0.03506688,0
1,0.50123066,0
0,0.032822095,0
0,0.36515144,0
0,0.087736,0
0,0.05027226,0
0,0.08263823,0
0,0.09423707,0
0,0.03580222,1
0,0.027780361,1
0,0.09150571,0
0,0.07177919,0
0,0.081099205,0
0,0.41190085,1
0,0.082070716,1
0,0.035612356,0
0,0.10279862,1
0,0.07987003,0
0,0.07483177,0
0,0.059081715,0
0,0.09937001,0
0,0.035924803,0
0,0.068526745,0
0,0.050454523,1
0,0.048547793,0
0,0.049890142,0
0,0.06852528,0
0,0.07239187,0
0,0.09047869,0
0,0.02719421,0
0,0.26105142,0
0,0.48802626,0
0,0.04305781,0
0,0.053523812,0
0,0.11340436,0
0,0.052023925,0
0,0.08404249,0
0,0.029594654,0
0,0.087644964,0
0,0.07446975,0
0,0.10918726,0
0,0.0761983,0
0,0.31838852,0
0,0.02643363,0
0,0.039937243,0
0,0.028339727,0
0,0.027289214,0
0,0.030299941,0
0,0.033750065,0
0,0.04395676,0
0,0.16845876,0
0,0.096921735,0
0,0.03982744,0
0,0.08908983,0
0,0.030600598,0
0,0.088954434,0
0,0.097481064,0
0,0.1349549,0
0,0.02818828,0
0,0.07177919,0
1,0.5619319,1
0,0.032578096,0
0,0.080501005,0
0,0.09678244,0
0,0.09150571,0
0,0.13296303,0
0,0.029813215,0
0,0.07015791,0
0,0.18254964,0
0,0.07684195,0
0,0.056541137,0
0,0.1671566,0
0,0.0442048,0
0,0.049890142,0
0,0.082070716,0
0,0.04144256,0
0,0.029323677,0
0,0.040926334,0
0,0.035612356,0
0,0.04985827,0
0,0.027780361,0
0,0.0827347,0
0,0.049890142,0
0,0.02685355,0
0,0.035326965,0
0,0.07889367,0
0,0.07432603,1
0,0.076182514,0
0,0.086774305,0
0,0.032161374,0
0,0.064686745,1
0,0.06068036,0
0,0.03505017,0
0,0.029510677,0
0,0.038394522,0
0,0.07377577,0
0,0.08328654,0
0,0.11444544,0
0,0.34244147,1
0,0.07177919,0
0,0.035612356,0
0,0.064686745,0
0,0.05714944,0
0,0.045013085,0
0,0.088568464,0
0,0.04446346,0
0,0.050154973,0
0,0.03927925,0
0,0.05592961,0
0,0.06953033,0
0,0.082070716,0
0,0.088954434,0
0,0.09070374,0
0,0.035326965,0
0,0.11444544,0
0,0.13310044,0
0,0.082391955,0
0,0.042422995,0
0,0.066511646,0
0,0.14053372,0
0,0.39421755,0
0,0.06944364,0
0,0.102511704,0
0,0.24416617,0
0,0.11298295,0
0,0.09129379,0
0,0.047103394,0
0,0.07289189,0
1,0.63516057,1
0,0.1186912,0
0,0.03267957,0
0,0.05699958,0
0,0.27111635,1
0,0.31477502,0
0,0.44190368,0
0,0.032822095,0
0,0.045662798,0
0,0.036035053,0
0,0.07175302,0
0,0.10269571,0
0,0.060873628,0
0,0.051686443,0
0,0.033179875,0
0,0.07177919,0
1,0.6333086,0
0,0.256162,0
0,0.14711064,0
0,0.09822577,0
0,0.03844425,0
0,0.07345275,0
0,0.037272908,0
0,0.046142813,0
0,0.07673735,0
0,0.07219623,0
0,0.053523812,0
0,0.0716081,1
0,0.04807139,0
0,0.09545704,0
0,0.47298312,0
0,0.08404249,0
0,0.06658975,0
0,0.096459754,0
0,0.1146916,0
0,0.06247248,0
1,0.8487012,1
0,0.030505374,1
0,0.07577519,0
0,0.09658486,0
0,0.07085584,0
0,0.10563176,0
0,0.02818828,0
0,0.08023707,0
0,0.17643976,0
0,0.069100276,0
0,0.11029579,0
0,0.055828545,0
0,0.02643363,0
0,0.032628853,0
0,0.12936637,0
0,0.04487938,0
0,0.045269813,0
0,0.092006326,0
0,0.068526745,1
0,0.092302315,0
0,0.0716081,1
0,0.10014791,0
0,0.046899233,1
0,0.09047869,0
0,0.09539963,0
0,0.053474434,1
0,0.11409336,1
0,0.059313327,0
0,0.07922382,0
0,0.080501005,0
0,0.048553962,0
0,0.08023707,0
0,0.03332556,0
0,0.39545634,1
0,0.3190457,1
0,0.02913411,0
0,0.046312198,0
0,0.086179525,0
0,0.103518784,0
0,0.09403447,0
0,0.089417346,0
0,0.032945033,0
0,0.082391955,0
0,0.03270227,0
0,0.033750065,0
0,0.033750065,0
0,0.07345275,0
0,0.068117835,0
0,0.07217239,0
0,0.2982094,0
0,0.1422926,1
0,0.09789397,0
0,0.069100276,0
0,0.23522592,0
0,0.05350436,0
0,0.33002603,1
0,0.076524906,0
0,0.07469572,0
0,0.05683229,0
0,0.03267957,0
0,0.07446975,0
0,0.030505374,0
0,0.07069898,0
0,0.06023394,0
0,0.031326883,0
0,0.11029579,0
0,0.059313327,0
0,0.059313327,0
0,0.08268052,0
0,0.0650405,0
0,0.06427077,0
0,0.08224347,0
0,0.071407154,0
0,0.097481064,0
0,0.03389695,0
0,0.07748466,0
0,0.079442255,0
0,0.39331433,0
0,0.051415022,0
0,0.22204037,0
0,0.093903646,0
0,0.08454739,0
0,0.02326999,0
0,0.031151846,0
0,0.09545704,0
0,0.03982744,0
0,0.094610974,0
0,0.049890142,0
0,0.07177919,0
0,0.37383294,0
0,0.08869586,0
0,0.089225575,0
0,0.03389695,0
0,0.053936686,0
0,0.09426642,0
0,0.37117878,0
0,0.076891795,0
0,0.038719006,0
0,0.047103394,0
0,0.116427176,1
0,0.26105142,0
0,0.041908078,0
0,0.091937095,0
0,0.049666196,0
0,0.040834453,0
0,0.081099205,0
0,0.04395676,0
0,0.29414362,1
0,0.07922382,0
0,0.07947804,0
0,0.036691245,0
0,0.07074057,0
0,0.033750065,0
0,0.029167132,0
0,0.07069898,0
0,0.077815495,0
0,0.1349515,0
0,0.08869586,0
0,0.06410129,0
0,0.07313454,0
0,0.030600598,0
0,0.053193625,0
0,0.036352362,0
0,0.037902668,0
0,0.088954434,0
0,0.09572749,0
0,0.04116994,0
0,0.078487284,0
0,0.03389695,0
0,0.082440324,0
0,0.09312963,0
0,0.07175302,0
1,0.56720877,1
0,0.02818828,0
0,0.039961416,0
0,0.043848842,0
0,0.10732031,0
0,0.0716081,0
0,0.08363475,0
0,0.057567406,0
0,0.05033035,0
0,0.053474434,0
0,0.10563176,0
0,0.042042412,0
0,0.054398544,0
0,0.0669764,0
0,0.036035053,0
0,0.031024301,0
0,0.0847146,0
1,0.51136714,1
0,0.033650298,0
0,0.056127027,0
0,0.033750065,0
0,0.093903646,0
0,0.048076853,0
0,0.08594762,0
0,0.07454829,0
0,0.028339727,0
0,0.05187917,0
0,0.038964875,0
0,0.14413646,1
0,0.15687796,0
0,0.033179875,0
0,0.15398467,0
0,0.0716081,0
0,0.04869924,0
0,0.035612356,0
0,0.046011448,0
0,0.035612356,0
0,0.02547132,0
0,0.03600197,0
0,0.046707258,0
0,0.07922382,0
0,0.0669764,0
0,0.0650405,1
0,0.05042805,0
0,0.046011448,0
0,0.1684051,0
0,0.090999864,0
0,0.05133219,0
0,0.08404249,0
0,0.08457914,0
0,0.3903423,0
0,0.039115768,0
0,0.10164804,0
0,0.17747256,0
0,0.045814563,0
0,0.07345275,0
0,0.054550476,0
0,0.3384962,0
0,0.0932735,0
0,0.053474434,0
0,0.029167132,1
0,0.033750065,0
0,0.03192949,0
0,0.121766,1
0,0.0604064,0
0,0.083879925,0
0,0.06978677,0
0,0.08423913,0
0,0.07177919,0
0,0.06801504,0
0,0.036191512,0
0,0.12609877,0
0,0.049204677,0
1,0.84224766,1
0,0.03389695,0
0,0.038260322,0
0,0.030108452,0
0,0.056742452,0
0,0.027211599,0
0,0.07177919,0
0,0.23747875,0
0,0.042417433,1
0,0.06991574,0
0,0.49041298,1
0,0.111187905,0
0,0.07345275,0
0,0.30070156,0
0,0.04635336,0
0,0.05667823,0
0,0.03777215,0
0,0.039675567,0
0,0.056127027,1
0,0.057016037,0
0,0.07922382,0
0,0.04951117,0
0,0.08263831,0
0,0.065892376,0
0,0.07289189,0
0,0.11317765,1
0,0.087736,0
0,0.11029579,0
0,0.07499501,0
0,0.08103304,0
0,0.42654344,1
0,0.29594758,1
0,0.068526745,0
0,0.08431887,0
0,0.03909332,0
0,0.06614959,0
0,0.21997994,0
0,0.05221096,0
0,0.09047869,0
0,0.08404249,0
0,0.086233556,0
0,0.06954056,0
0,0.053027377,0
0,0.052180428,0
0,0.12120416,0
0,0.070021875,0
0,0.07922382,0
0,0.087736,0
0,0.11718165,0
0,0.07454829,0
0,0.061312195,0
0,0.08166574,1
0,0.03389695,0
0,0.03580222,0
0,0.06451709,0
0,0.046326797,0
0,0.3746981,1
0,0.4116768,0
0,0.055287536,0
0,0.09048245,0
0,0.037902668,0
0,0.08427033,0
0,0.058037158,0
0,0.10753827,0
0,0.037835594,0
0,0.06756716,0
0,0.028339727,0
0,0.18971753,0
0,0.39005864,0
0,0.029167132,0
0,0.02818828,0
0,0.0676043,0
0,0.09986984,0
0,0.02818828,0
0,0.29316902,1
0,0.028118663,0
0,0.3323042,0
0,0.035612356,0
0,0.05370692,0
0,0.058304332,0
0,0.055287536,0
0,0.20022404,1
0,0.03777805,0
0,0.06457517,0
0,0.09194788,0
0,0.056217447,0
0,0.029167132,0
0,0.032893248,0
0,0.08023707,1
0,0.042129975,0
0,0.090596355,0
0,0.029167132,0
0,0.047947437,0
0,0.10387266,0
0,0.030489398,0
0,0.086611465,0
0,0.0601485,0
0,0.06389153,0
0,0.092302315,0
0,0.09129379,0
1,0.69590443,1
0,0.044573843,0
0,0.05256705,0
0,0.032895096,0
0,0.29439762,0
0,0.11258701,0
0,0.051856898,0
0,0.24555223,0
0,0.03393035,0
0,0.17643976,0
0,0.030505374,0
0,0.040318087,0
0,0.050167322,0
0,0.03833147,0
0,0.07483177,0
0,0.02934854,0
0,0.031151846,0
0,0.07922382,0
0,0.108153515,0
0,0.027289214,0
0,0.038964875,0
0,0.02643363,0
0,0.11444544,1
0,0.033750065,0
1,0.72171944,1
0,0.06658975,0
0,0.09423707,0
0,0.04616151,0
0,0.02818828,0
0,0.07926437,0
0,0.027289214,0
0,0.0835889,0
0,0.07955651,0
0,0.34344655,0
0,0.12470518,0
0,0.07729044,0
0,0.17323332,0
0,0.047073126,0
0,0.21391033,0
0,0.092302315,1
0,0.21277554,0
0,0.07454829,0
0,0.08423913,0
0,0.10520733,0
0,0.08990076,0
0,0.074036285,0
0,0.03959308,0
0,0.33569148,1
0,0.030108452,0
0,0.09872213,0
0,0.057649918,0
0,0.058093823,0
0,0.046312198,0
0,0.10563176,1
0,0.040775143,0
0,0.04918407,0
0,0.06971511,0
0,0.08657683,0
0,0.057483036,0
0,0.08404249,0
0,0.03099359,0
0,0.034981813,0
0,0.09545704,0
0,0.11451294,0
0,0.044573843,0
0,0.060461037,0
0,0.044573843,0
0,0.08404249,0
0,0.07217239,0
0,0.05788765,0
0,0.07922382,0
0,0.030505374,0
0,0.08093444,0
0,0.029167132,0
0,0.0669764,0
0,0.068526745,0
0,0.108153515,0
0,0.02818828,0
0,0.11596663,0
0,0.08908983,0
0,0.118327826,0
0,0.04265597,0
0,0.08034159,0
0,0.05053106,0
0,0.0819771,0
0,0.35297978,0
0,0.09070374,0
0,0.18683964,0
0,0.02724968,0
0,0.05447414,0
0,0.03256107,0
0,0.051506996,0
1,0.5012866,1
0,0.08170925,1
0,0.15283526,0
0,0.045215655,0
0,0.049890142,0
0,0.055229697,0
0,0.036860857,0
0,0.09971,0
1,0.7299986,1
0,0.04305781,0
0,0.09819469,0
0,0.04236012,0
0,0.05794686,0
0,0.07781283,0
0,0.07803122,0
0,0.068526745,0
0,0.08423913,0
0,0.083879925,0
0,0.05908393,0
0,0.1063217,0
0,0.08023707,0
0,0.06832078,0
0,0.08774655,1
0,0.11486279,0
0,0.04180401,1
0,0.035612356,0
0,0.05246448,0
0,0.15608099,1
0,0.068526745,0
0,0.065726824,0
0,0.06989316,0
0,0.054254867,0
0,0.046011448,0
0,0.051397387,0
0,0.055299256,0
0,0.050454523,0
0,0.40401542,1
0,0.098986514,1
0,0.038343526,0
0,0.07469572,1
0,0.32540426,1
1,0.5210053,0
0,0.027289214,0
0,0.046011448,0
0,0.05733455,0
0,0.038720246,0
0,0.037126575,0
0,0.04616151,0
0,0.049890142,0
0,0.068526745,0
0,0.0332713,0
0,0.061115302,0
0,0.47461638,0
0,0.1186912,0
0,0.04777374,0
0,0.060495626,0
0,0.4756605,0
0,0.093903646,0
0,0.02766807,0
0,0.046972144,0
0,0.058564875,0
0,0.09824127,0
0,0.032578096,0
0,0.0892454,0
0,0.042973775,0
1,0.5638939,0
0,0.06537989,0
1,0.8512435,1
0,0.41733265,0
0,0.03486251,0
0,0.033750065,0
0,0.08023707,0
0,0.106575124,0
0,0.47461638,0
0,0.082743436,0
0,0.04908441,0
0,0.04176704,0
0,0.08869586,0
0,0.039816465,0
0,0.04586183,0
0,0.036476284,0
0,0.14723428,0
0,0.041323274,0
0,0.037414372,0
0,0.47674713,0
0,0.053474434,0
0,0.083772205,0
0,0.09423707,1
0,0.41556302,1
0,0.056127027,0
0,0.03389695,0
0,0.45320353,1
0,0.038203523,0
0,0.097481064,0
0,0.03181706,0
0,0.051288262,0
0,0.07469572,1
0,0.045884162,0
0,0.25183845,0
0,0.20581368,0
1,0.6803576,1
0,0.029685888,0
0,0.028628113,0
0,0.040775143,0
0,0.027198505,0
0,0.040596884,0
0,0.059358932,0
0,0.23312272,1
0,0.07177919,0
0,0.028339727,0
0,0.10403685,0
0,0.11029579,0
0,0.045057297,0
0,0.060789883,1
0,0.036887538,0
0,0.325758,1
0,0.078188054,0
0,0.09423707,1
0,0.088954434,0
0,0.054251224,0
0,0.030108452,0
0,0.08121208,0
0,0.032893248,0
0,0.02953465,0
0,0.07313067,0
0,0.042450093,0
0,0.030600598,0
0,0.12897061,0
0,0.0653648,0
0,0.08121208,0
0,0.07177919,0
0,0.04180401,0
0,0.040305793,0
0,0.17534262,0
0,0.052022893,0
0,0.044609107,0
0,0.057841122,0
1,0.590607,1
0,0.08553882,0
0,0.03506688,0
0,0.092018075,0
0,0.102511704,1
0,0.12295645,0
0,0.041459773,0
0,0.068526745,0
0,0.047190856,0
0,0.06866463,0
0,0.046011448,0
0,0.07177919,0
0,0.060740914,0
0,0.068526745,0
0,0.07446975,0
0,0.055807937,0
0,0.06060817,0
0,0.046728972,0
0,0.07888686,0
0,0.09638238,0
0,0.04985827,0
0,0.035829604,0
0,0.23022531,0
0,0.038343526,0
0,0.09812016,0
0,0.07415206,0
0,0.09129379,0
0,0.190941,1
0,0.040926334,0
0,0.044573843,0
0,0.087736,0
0,0.108153515,0
0,0.08793029,0
0,0.050154973,0
0,0.032559548,0
0,0.029568186,1
0,0.10348752,0
0,0.039115768,0
0,0.04768482,0
0,0.046899233,0
0,0.04925725,0
0,0.066531986,0
0,0.027289214,0
0,0.33284917,1
0,0.049718667,0
0,0.3504036,1
0,0.09545704,0
0,0.1186912,0
0,0.045049317,0
0,0.32226446,1
0,0.083879925,0
0,0.21626732,1
0,0.045013085,1
0,0.037437122,0
0,0.03550361,0
0,0.03587344,0
0,0.03486251,0
0,0.080624506,0
0,0.033750065,0
0,0.088937566,1
0,0.041611627,0
0,0.09195567,0
0,0.030108452,0
0,0.028295195,0
0,0.03407799,0
0,0.07177919,0
0,0.063120335,0
0,0.041679043,0
0,0.05582612,0
0,0.035612356,0
0,0.108153515,1
0,0.04820355,0
0,0.06410129,0
0,0.086865544,0
0,0.06967136,0
0,0.027709857,0
0,0.09423707,0
0,0.097367436,0
0,0.1521227,0
0,0.076435216,0
0,0.07177919,0
0,0.19426717,0
0,0.050167322,0
0,0.32295933,1
0,0.4781126,1
0,0.031918984,0
0,0.086731486,0
1,0.62606907,1
0,0.04753249,0
0,0.37383294,1
0,0.098319426,0
1,0.8783011,1
0,0.031721175,0
0,0.07926437,0
0,0.11178328,0
0,0.06971511,0
0,0.07217239,1
0,0.068808906,0
0,0.045215655,0
0,0.06385022,0
0,0.20235169,0
0,0.24677387,0
0,0.04269231,0
0,0.096921735,0
0,0.048656847,0
0,0.14354464,1
0,0.03389695,0
0,0.029594654,0
0,0.051686443,0
0,0.036621768,0
0,0.08404249,0
0,0.4532167,1
0,0.049277104,0
0,0.11785508,0
0,0.061130494,0
0,0.35427073,1
0,0.07217239,0
0,0.111817345,1
0,0.07987003,1
0,0.08103304,0
0,0.4729162,1
0,0.07345275,0
0,0.035612356,0
0,0.076182514,0
0,0.042040296,0
0,0.06200813,0
0,0.07217239,0
0,0.07177919,0
0,0.070257485,0
0,0.07289189,0
0,0.12650627,0
0,0.058004957,0
1,0.73684597,0
0,0.041399408,0
0,0.09824127,0
0,0.07922382,0
0,0.11109512,0
0,0.09537604,0
0,0.041908078,0
0,0.294187,0
0,0.04236012,0
0,0.044573843,0
0,0.032997593,0
0,0.09545704,1
0,0.049645133,0
0,0.044609107,0
0,0.22195028,0
0,0.046899233,0
0,0.08404249,0
0,0.08224347,0
0,0.046326797,0
0,0.25461516,0
0,0.058084436,0
0,0.038343526,0
0,0.08023707,0
0,0.037437122,0
0,0.3065593,1
0,0.06658975,1
0,0.076435216,0
0,0.042417433,0
0,0.03102623,0
0,0.093903646,1
0,0.061131127,0
0,0.094610974,1
0,0.05346671,1
0,0.2758666,0
0,0.04582116,0
0,0.05441414,0
0,0.046412792,0
0,0.040245153,0
0,0.068526745,0
0,0.029167132,0
0,0.04918407,1
0,0.068526745,0
0,0.07177919,0
0,0.053211395,0
0,0.10689903,0
0,0.076182514,0
0,0.108153515,0
0,0.096254386,0
0,0.053527147,0
0,0.038515527,0
0,0.035253942,0
0,0.09937001,1
0,0.063902736,0
0,0.17643976,0
0,0.046412792,0
0,0.03407799,0
0,0.030489398,0
0,0.08404249,0
0,0.030668877,0
0,0.042617094,0
0,0.08879002,0
0,0.034981813,0
0,0.10335903,0
0,0.23761554,1
0,0.057841122,0
0,0.1124356,0
0,0.05682668,0
0,0.094499856,0
0,0.03393035,0
0,0.14796598,0
0,0.09935083,0
0,0.098986514,0
0,0.07446975,0
0,0.09030491,0
0,0.108153515,0
0,0.028449617,0
0,0.033750065,0
0,0.228318,0
0,0.059313327,0
0,0.27251112,0
0,0.096921735,0
0,0.041459773,0
0,0.06183314,0
0,0.036514092,0
1,0.5946952,0
0,0.07015791,0
0,0.08023707,0
0,0.09720183,0
0,0.065620914,0
0,0.19153559,1
0,0.10181153,0
0,0.08719826,0
0,0.0915422,0
0,0.050167322,0
0,0.063293524,0
0,0.104085885,0
0,0.036611803,0
0,0.28403482,1
0,0.089658335,0
0,0.07586858,0
0,0.3479998,1
0,0.035612356,0
0,0.08263831,0
0,0.033750065,0
0,0.2891965,0
0,0.03036457,0
0,0.07372073,0
0,0.05557958,0
0,0.06410129,0
0,0.054949153,0
0,0.098986514,1
0,0.037414372,0
0,0.112943776,0
0,0.07345275,0
0,0.087736,0
0,0.08404249,0
0,0.082070716,0
0,0.06073165,0
0,0.053523812,0
0,0.1572284,0
0,0.16432148,0
0,0.068526745,0
0,0.25467885,0
0,0.059244473,0
0,0.4772804,0
0,0.090465106,1
0,0.046412792,0
0,0.048043877,0
0,0.11643718,0
0,0.08263831,0
0,0.28967783,0
0,0.03407799,0
0,0.08263831,0
0,0.052500036,0
0,0.40949047,0
0,0.033750065,0
0,0.0571296,0
0,0.26105142,0
0,0.070209086,0
0,0.087586716,0
0,0.092018075,0
1,0.73251414,0
0,0.068526745,0
0,0.07854738,0
0,0.087736,0
0,0.108153515,1
0,0.060212422,0
1,0.7840483,1
0,0.053474434,0
0,0.05459587,0
0,0.08108989,0
0,0.038739126,1
0,0.09192223,0
0,0.36447206,1
0,0.07165951,0
0,0.04625659,0
0,0.021923706,0
0,0.068526745,0
0,0.043157924,0
0,0.059922013,0
0,0.04934272,0
0,0.03389695,0
0,0.039115768,0
0,0.096921735,1
0,0.07289189,0
0,0.06883831,0
0,0.07454829,0
0,0.11317765,0
0,0.096921735,0
0,0.44772306,1
0,0.072083466,0
0,0.032899253,0
0,0.075156264,0
0,0.1187933,0
0,0.044219993,0
0,0.11154269,0
0,0.04305781,0
0,0.049890142,0
0,0.03389695,0
0,0.042302523,0
0,0.082743436,0
0,0.106145196,0
0,0.25786677,0
0,0.16377923,0
0,0.08404249,0
0,0.07165951,0
0,0.10737606,1
0,0.09129379,0
0,0.4023902,1
0,0.08423913,0
0,0.03083223,0
0,0.13899949,0
0,0.036191512,0
0,0.19362324,0
0,0.2777017,0
0,0.035326965,0
0,0.07454829,0
0,0.027650025,0
0,0.17921728,0
0,0.056455415,0
0,0.11058784,0
0,0.05953191,0
0,0.02643363,0
0,0.030600598,0
0,0.071520425,0
0,0.030505374,0
0,0.10689903,0
0,0.090999864,0
0,0.044489965,0
0,0.0686421,0
1,0.5486737,1
0,0.07446975,0
1,0.7218928,0
0,0.07540439,0
0,0.05406549,0
0,0.07446975,0
0,0.2515457,0
0,0.08437005,0
0,0.090999864,0
0,0.062882096,0
0,0.06338024,0
0,0.027822856,0
0,0.06124635,0
0,0.07926437,1
0,0.06801504,0
0,0.09824127,1
0,0.042425014,0
0,0.091586046,0
0,0.12466524,0
0,0.038736127,0
0,0.03267957,0
0,0.07540439,0
0,0.087736,0
0,0.049796086,0
0,0.14234263,0
0,0.03744754,0
0,0.041748337,0
0,0.080108404,0
0,0.096459754,0
0,0.046899233,0
0,0.060745116,0
0,0.10918726,0
0,0.07499501,0
0,0.07191879,0
0,0.037272908,0
0,0.033750065,0
0,0.108153515,0
0,0.076182514,0
0,0.20581368,0
0,0.03913998,0
0,0.3725525,0
0,0.039020326,0
0,0.045532003,1
0,0.06932841,0
0,0.054434698,0
0,0.04871427,0
0,0.033179875,0
0,0.073365726,0
0,0.04746499,0
0,0.039698493,0
0,0.092302315,0
0,0.08793029,0
0,0.053193625,0
0,0.09678244,0
0,0.04469102,1
0,0.032893248,0
0,0.31068417,1
0,0.078487284,0
0,0.3065593,0
0,0.049718667,0
0,0.058944132,0
0,0.042802323,0
0,0.0442048,0
0,0.10737606,0
0,0.21245554,1
0,0.040382702,0
0,0.038203523,0
0,0.03351582,0
0,0.03192949,0
0,0.042649593,0
0,0.07177919,0
0,0.07896226,0
0,0.030021401,0
0,0.1729541,0
0,0.26105142,0
0,0.103089154,0
0,0.0964669,0
0,0.07217239,0
0,0.061733596,0
0,0.09403447,0
0,0.033756487,0
0,0.08263831,0
0,0.04836513,0
0,0.1572284,0
0,0.040245153,0
0,0.031151846,0
0,0.02895231,0
0,0.08423913,1
0,0.04053164,0
0,0.087736,0
0,0.07177919,0
0,0.09622383,0
0,0.07118277,0
0,0.04183209,0
0,0.07191879,0
0,0.049890142,0
0,0.03359771,0
0,0.042450093,0
0,0.07177919,0
0,0.09593428,0
0,0.34344655,0
0,0.08680114,0
0,0.0707185,0
0,0.041438304,0
0,0.056127027,0
0,0.0592447,0
0,0.038884144,0
0,0.4050079,1
0,0.14359525,0
0,0.083879925,0
0,0.025868585,0
0,0.036621768,0
0,0.02818828,1
1,0.50379544,0
0,0.0653648,0
0,0.12466524,0
0,0.3180508,1
0,0.09986984,0
1,0.83990693,1
0,0.07922382,0
0,0.086774305,0
0,0.09824127,0
0,0.092006326,0
0,0.04462976,0
0,0.033750065,0
0,0.050202005,0
0,0.076435216,0
0,0.09077596,0
0,0.105163835,0
0,0.04918407,0
0,0.0653648,0
0,0.03389695,0
0,0.046011448,0
0,0.037272908,0
0,0.07139359,0
0,0.076435216,0
0,0.27597505,0
0,0.074106306,0
0,0.11643718,1
0,0.08023707,0
0,0.08423913,0
0,0.06921961,0
0,0.08322035,0
0,0.15163851,0
0,0.08427033,1
0,0.042040296,0
1,0.72442824,0
0,0.035612356,0
0,0.08793029,0
0,0.04674648,0
0,0.056213118,0
0,0.37895104,0
0,0.030600598,0
0,0.07348035,0
0,0.108153515,0
0,0.03587344,0
0,0.026748208,0
0,0.05685881,0
0,0.15235318,1
0,0.08579109,0
0,0.049645133,0
0,0.042425014,0
0,0.15987588,0
0,0.04582116,0
0,0.07177919,0
0,0.07401451,0
0,0.0932735,0
0,0.09091541,0
0,0.068526745,0
0,0.02823775,0
0,0.028295195,1
0,0.057068486,0
0,0.082483865,0
0,0.03389695,0
0,0.048369903,0
0,0.076435216,0
0,0.038343526,0
0,0.07401451,0
1,0.77685994,1
0,0.096459754,0
0,0.094610974,0
0,0.11451294,0
1,0.5040969,0
0,0.04695,0
0,0.032895096,0
1,0.5582995,0
0,0.107775725,0
0,0.047190856,0
0,0.037902668,1
0,0.11412887,0
1,0.63796735,1
0,0.042425014,0
0,0.030802848,0
0,0.28587878,0
0,0.043245636,0
0,0.053193625,0
0,0.09986984,0
0,0.25497693,0
0,0.2808422,0
0,0.07751481,0
0,0.07781074,0
1,0.74209726,1
0,0.08423913,0
0,0.032005448,0
0,0.09070374,0
0,0.09539963,0
0,0.030860882,0
0,0.2350301,0
0,0.06971511,0
0,0.08263838,0
0,0.068526745,0
0,0.057669055,0
0,0.07287237,0
0,0.064281166,1
0,0.053207695,0
0,0.079418615,0
0,0.10754928,0
0,0.05042805,0
0,0.047163066,0
0,0.02953465,0
0,0.06971511,0
0,0.3642067,0
0,0.25191304,1
0,0.30176345,0
0,0.03053667,0
0,0.10839496,0
0,0.0442048,0
0,0.07659691,0
0,0.12861939,0
0,0.063802026,0
0,0.37910232,0
0,0.050202005,0
0,0.087736,0
0,0.033354722,0
0,0.036621768,0
0,0.035326965,0
0,0.16010745,0
0,0.030505374,0
0,0.029432064,0
0,0.10563176,0
0,0.092006326,0
0,0.04265597,0
0,0.036320686,0
0,0.078188054,0
0,0.03267957,0
0,0.07446975,0
0,0.025868585,0
0,0.04305781,0
0,0.13283372,0
0,0.049890142,0
0,0.044456564,0
0,0.057841122,0
0,0.09986984,0
0,0.072392605,0
0,0.062410217,0
0,0.38924634,1
0,0.086774305,0
0,0.07069898,0
0,0.042173166,0
0,0.06630677,0
0,0.028295195,1
0,0.22195028,0
0,0.08427033,0
0,0.27199745,0
0,0.06609518,0
0,0.064721026,0
0,0.03332556,0
0,0.05788765,0
1,0.6691451,1
0,0.046899233,0
0,0.10408131,1
0,0.030021401,0
0,0.037437122,0
0,0.076182514,0
0,0.27860978,0
1,0.7217595,1
0,0.068526745,1
0,0.07345275,0
0,0.040926334,0
0,0.3607057,1
0,0.19949518,1
0,0.031753622,0
0,0.038407173,0
0,0.43050653,0
0,0.056666862,0
0,0.08023707,0
0,0.081000365,0
0,0.06218909,0
0,0.32411653,0
0,0.0386647,0
0,0.039633267,0
0,0.09805155,0
0,0.07469572,0
0,0.03098099,0
0,0.04161954,0
0,0.038663775,0
0,0.10442067,0
0,0.04180401,0
0,0.03303271,0
0,0.053036552,0
0,0.05169698,1
0,0.08916191,0
0,0.052630212,1
0,0.07289189,0
0,0.3242529,0
0,0.08127807,1
0,0.06497221,0
0,0.24320857,1
0,0.033750065,0
0,0.025544103,0
0,0.1333556,0
0,0.082070716,0
0,0.10387266,0
0,0.08023707,0
0,0.07126524,0
1,0.6908855,1
0,0.030600598,0
0,0.05174773,0
0,0.05962174,0
0,0.07078642,1
0,0.06658975,0
0,0.046188224,0
0,0.04951911,0
0,0.059788067,0
0,0.32587996,0
0,0.06871851,0
0,0.101628356,0
0,0.07175302,0
0,0.08884333,0
0,0.08423913,0
0,0.029813215,0
0,0.0768518,0
0,0.0886475,1
0,0.084076464,0
0,0.079418615,0
0,0.068117835,0
0,0.09423707,0
0,0.089658335,0
0,0.082070716,0
0,0.087932065,0
0,0.11451294,0
0,0.062423248,1
0,0.043848842,0
0,0.02818828,0
0,0.096921735,0
0,0.025732106,0
0,0.04236012,0
0,0.12470518,0
0,0.07177919,0
0,0.060396526,1
0,0.033003446,0
0,0.08423913,0
0,0.05346671,1
0,0.063493006,0
0,0.1451755,0
0,0.1299967,0
0,0.0666146,0
0,0.07237428,0
0,0.08457914,0
0,0.087644964,1
0,0.050229967,0
0,0.046707258,0
0,0.02818828,0
0,0.051397387,0
0,0.09524872,0
0,0.090596355,0
0,0.4000523,0
0,0.07345275,1
0,0.03587344,0
0,0.038964774,0
0,0.434853,1
0,0.06309129,0
0,0.086774305,0
0,0.14129265,0
0,0.044573843,0
0,0.07446975,0
0,0.09783611,0
0,0.051225424,0
0,0.031793445,0
0,0.09971,0
0,0.038343526,0
0,0.02823775,1
0,0.046011448,0
1,0.7282406,0
0,0.11208683,0
0,0.040718343,0
0,0.036240168,0
0,0.096459754,0
0,0.14117381,0
0,0.052491985,0
0,0.062253706,0
0,0.033750065,0
0,0.04395676,0
0,0.062073287,0
0,0.046011448,0
0,0.038729653,0
0,0.048858058,0
0,0.04818859,0
0,0.07446975,0
0,0.3086722,1
0,0.045798585,0
0,0.12621698,0
0,0.08263831,0
0,0.09070374,0
0,0.3391008,1
0,0.050454248,0
0,0.061876193,0
0,0.20025316,0
0,0.081808686,0
0,0.026748208,0
0,0.081808686,0
1,0.83084726,1
0,0.04996637,0
0,0.091550566,0
0,0.091118604,0
0,0.29245496,1
0,0.082391955,0
0,0.4085421,1
0,0.029432064,0
0,0.32367387,0
0,0.05178159,0
1,0.81357735,1
0,0.029167132,0
0,0.030108452,0
0,0.07345275,0
0,0.062300302,0
0,0.10403685,0
0,0.06658975,0
0,0.09572749,0
0,0.27388385,1
0,0.07015791,0
0,0.080402724,0
1,0.6758874,1
0,0.07922382,0
0,0.095174804,0
0,0.07093488,0
0,0.04085132,0
0,0.09080494,0
0,0.04729046,0
0,0.041323274,0
0,0.043833874,0
0,0.077341944,1
0,0.076435216,1
0,0.033750065,0
0,0.10951944,0
0,0.046142336,0
0,0.07600074,0
0,0.03272426,0
0,0.028339727,0
0,0.09822577,0
0,0.08404249,0
0,0.06272477,0
0,0.050923843,0
0,0.26949972,0
0,0.07080891,0
0,0.06546212,0
0,0.2541439,0
0,0.029167132,0
0,0.10172439,0
0,0.03407799,0
0,0.085506,0
0,0.10597094,0
0,0.030358277,0
0,0.045057297,0
0,0.061131127,0
0,0.04059693,0
0,0.12538527,0
0,0.15026799,0
0,0.15608099,1
0,0.040747195,0
0,0.028118663,0
0,0.10238415,0
0,0.030505374,0
0,0.054414906,0
0,0.03580222,0
0,0.16359778,0
0,0.031869512,0
0,0.06307377,0
0,0.08103304,0
0,0.05170442,0
0,0.15235318,0
0,0.030600598,0
0,0.064281166,0
0,0.06895588,0
0,0.08423913,1
0,0.08454739,0
0,0.09150571,0
0,0.25824222,0
0,0.07922382,0
0,0.0830565,0
0,0.0441487,0
0,0.07217239,0
0,0.029167132,0
0,0.04660896,0
0,0.064686745,0
0,0.09070374,1
0,0.03638061,0
0,0.32226446,1
0,0.45046988,1
0,0.068526745,1
0,0.30129495,1
0,0.07371237,0
0,0.035612356,0
0,0.08553882,0
0,0.101106174,1
0,0.10737606,0
0,0.28979534,1
0,0.09312963,0
0,0.033003446,0
0,0.10413261,0
0,0.07069898,0
0,0.09195567,0
0,0.02719421,0
0,0.038939755,0
0,0.10732031,0
0,0.0707185,0
0,0.032140456,0
0,0.068916865,0
0,0.052023925,0
0,0.04395676,0
1,0.5965017,1
0,0.054254867,0
0,0.087644964,0
0,0.08423913,0
0,0.053590197,0
0,0.042213038,0
0,0.09070374,0
0,0.119582295,0
0,0.06581525,0
0,0.02818828,0
0,0.09789397,0
0,0.10689903,0
0,0.104085885,0
0,0.040909298,0
0,0.11029579,0
0,0.07492341,0
0,0.025594227,0
0,0.4796356,0
0,0.09932645,0
0,0.28617048,0
0,0.049153373,0
0,0.11402351,0
0,0.032571543,0
0,0.038964946,0
0,0.092302315,0
0,0.02818828,0
0,0.03974964,0
0,0.11718165,0
0,0.07469572,0
1,0.6165585,0
0,0.07069898,0
0,0.08869586,0
0,0.033750065,0
0,0.07069898,0
0,0.10737606,1
0,0.32942113,0
0,0.057274327,0
0,0.063293524,0
0,0.030716442,0
0,0.091118604,0
0,0.06317966,0
0,0.07485056,0
0,0.1128535,0
0,0.068526745,0
0,0.12899944,0
0,0.046632048,0
0,0.17141652,0
0,0.058039844,0
0,0.05170442,0
0,0.09070374,1
0,0.03140876,0
0,0.116967924,1
0,0.034812022,0
0,0.030724451,0
0,0.1138254,0
0,0.084076464,0
0,0.2831174,1
0,0.04221209,1
0,0.090596355,0
0,0.04116994,0
0,0.09057466,0
0,0.043887958,0
0,0.061130494,1
0,0.039115768,0
0,0.13277477,0
0,0.050391395,0
0,0.05460148,0
0,0.036554467,0
0,0.09070374,0
0,0.036191512,0
0,0.063293524,0
0,0.08427033,1
0,0.25475034,0
0,0.4144262,0
0,0.25605416,1
0,0.06722135,0
0,0.068174824,0
0,0.040928245,0
0,0.035754956,0
0,0.036929954,0
0,0.09129379,0
0,0.045049317,0
0,0.090596355,1
0,0.029436704,0
1,0.54886377,1
0,0.058941737,0
0,0.09372113,0
0,0.41733265,1
0,0.029440463,0
0,0.091937095,0
0,0.08804965,0
0,0.07287237,0
0,0.03134329,0
0,0.0976119,0
0,0.11298295,0
0,0.10918726,0
0,0.1011883,0
0,0.06487853,0
0,0.050042555,0
0,0.027289214,0
0,0.068117835,0
0,0.043833874,0
0,0.048166834,0
0,0.038343526,0
0,0.060232237,0
0,0.050454523,0
0,0.06866463,0
0,0.041231245,0
0,0.36087018,0
0,0.076182514,0
0,0.08427033,0
0,0.040775143,0
0,0.4061236,0
0,0.027289214,0
0,0.07289189,0
0,0.042952847,0
0,0.051627986,0
0,0.05009871,0
0,0.08579109,0
0,0.054156948,0
0,0.044366125,0
0,0.026837818,0
0,0.07446975,0
0,0.07177919,0
0,0.046011448,0
0,0.06389153,0
0,0.03651937,0
0,0.08423913,0
0,0.02818828,0
0,0.076435216,0
0,0.07177919,0
0,0.02953465,0
0,0.05033596,0
0,0.088954434,0
0,0.21108902,1
0,0.032927826,0
0,0.076435216,0
0,0.044609107,0
0,0.08404249,0
0,0.036352362,0
0,0.041908078,0
0,0.07217239,0
0,0.030489398,0
0,0.050661832,0
0,0.10918726,0
0,0.05985963,0
0,0.036109235,0
0,0.029167132,0
0,0.08694234,0
0,0.11141379,1
0,0.02818828,0
0,0.03506688,0
0,0.03715929,0
0,0.43740302,0
0,0.092302315,0
0,0.036860857,0
0,0.051586784,0
0,0.08553882,1
0,0.1124611,0
0,0.075832576,1
0,0.046412792,0
0,0.111817345,0
0,0.030505374,0
0,0.03168817,0
0,0.068526745,0
0,0.107785285,0
0,0.041748337,0
0,0.16974437,0
1,0.745508,1
0,0.04991207,0
0,0.08594762,0
0,0.07177919,0
1,0.6525219,1
0,0.06315082,0
0,0.033179875,0
0,0.08423913,0
0,0.17323443,0
0,0.12538527,0
0,0.16662036,0
0,0.04746499,0
0,0.044609107,0
1,0.5836402,0
0,0.04236012,0
0,0.096921735,0
0,0.029167132,0
0,0.07069898,0
0,0.086774305,0
0,0.04695603,0
0,0.27120417,0
0,0.11785508,0
0,0.08423913,0
0,0.051856898,0
1,0.66349906,0
0,0.08431887,0
0,0.037126575,0
0,0.02818828,0
0,0.041207414,0
0,0.37383083,0
0,0.13422413,0
0,0.12936637,0
0,0.086774305,0
0,0.089467384,0
0,0.071901955,0
0,0.08423913,0
0,0.092006326,0
0,0.026358383,0
0,0.09129379,0
0,0.107935786,0
0,0.04746499,0
0,0.1186912,1
0,0.107187405,0
0,0.06611097,0
1,0.84989625,1
1,0.75863427,1
0,0.09971,1
1,0.66955066,0
0,0.07454829,0
0,0.0669764,0
0,0.11785508,0
0,0.44832352,1
0,0.19362324,1
0,0.051856898,0
0,0.15288313,1
0,0.102834426,1
0,0.054254867,0
0,0.040926334,0
0,0.05733455,0
0,0.11502341,0
0,0.07177919,0
0,0.033750065,0
0,0.07719893,0
0,0.09971,0
0,0.1918238,0
0,0.10139549,0
0,0.14709552,1
0,0.035612356,0
0,0.06273931,0
0,0.073365726,0
0,0.033650298,0
0,0.049890142,1
0,0.09545704,0
0,0.068526745,0
0,0.08023707,0
0,0.027650025,0
1,0.7561906,1
0,0.023183914,0
0,0.038892183,0
0,0.092062145,0
0,0.058481514,0
0,0.031545565,0
0,0.038515527,0
0,0.09312963,0
0,0.05794686,0
0,0.07389909,0
1,0.8729001,0
0,0.07673735,1
0,0.2872876,0
0,0.074122585,0
0,0.07177919,0
1,0.63748586,1
0,0.032822095,0
0,0.03701856,1
0,0.04180401,0
0,0.0761983,0
0,0.07605609,0
0,0.04329876,0
0,0.04250224,0
0,0.07499501,0
0,0.076435216,0
0,0.059819978,0
0,0.046326797,0
0,0.2928207,1
0,0.036320686,0
0,0.051856898,0
0,0.038201734,0
0,0.37924019,1
0,0.049281586,0
0,0.03389695,0
0,0.029513253,0
0,0.056127027,0
0,0.096046805,0
0,0.062300302,0
0,0.131151,0
0,0.07469572,0
0,0.31586683,0
0,0.38858205,0
0,0.036860857,0
0,0.062423248,0
0,0.08263831,0
0,0.085917,0
0,0.08263838,0
0,0.06692137,0
0,0.030600598,0
0,0.042450093,0
0,0.03976285,0
0,0.038892183,0
0,0.04908441,0
0,0.1802925,0
0,0.3069233,1
1,0.8130339,1
0,0.036716126,0
0,0.049729105,0
0,0.074106306,0
0,0.082070716,1
0,0.26624018,0
0,0.05124045,0
0,0.076182514,0
0,0.035637632,0
0,0.11248059,0
0,0.025480844,0
0,0.033381384,0
0,0.068526745,0
0,0.049118582,0
0,0.12817593,0
0,0.073264666,0
0,0.05062969,0
0,0.076182514,1
0,0.035612356,0
0,0.033650298,0
0,0.051686443,0
0,0.08034279,0
0,0.03550361,0
0,0.053211395,0
0,0.112943776,0
0,0.039857976,0
0,0.025868585,0
0,0.10728076,0
0,0.121766,0
0,0.04660896,0
0,0.035612356,0
0,0.34344655,0
0,0.40994444,1
0,0.11502341,0
0,0.03181486,0
0,0.07177919,0
0,0.10689903,0
0,0.046142813,0
0,0.08609845,0
0,0.2977107,0
0,0.053429354,0
0,0.35192338,0
0,0.07540439,0
0,0.051686443,0
0,0.047190856,0
0,0.030600598,0
1,0.71262026,0
0,0.07093488,0
0,0.38232473,1
0,0.10256544,0
0,0.1351004,0
0,0.038203523,0
0,0.08103304,0
0,0.088937566,1
0,0.11049192,0
0,0.048090693,1
0,0.033003446,0
0,0.03324501,0
0,0.039086267,0
0,0.07015791,0
0,0.048131235,0
0,0.03166523,0
0,0.053474434,0
0,0.06368071,1
0,0.026837818,0
1,0.891361,1
0,0.063699484,0
0,0.05345101,0
0,0.09865805,0
0,0.37418324,0
0,0.04356492,0
0,0.026321944,0
0,0.08598638,1
0,0.03744754,0
1,0.5140513,0
0,0.03587344,0
0,0.059313327,0
0,0.08404249,0
0,0.14129265,1
1,0.78629565,1
0,0.046768527,0
0,0.090596355,0
0,0.058481514,0
0,0.04934272,0
0,0.029436704,0
1,0.85919845,1
0,0.10689903,0
0,0.3242529,1
0,0.05733455,0
0,0.033750065,0
0,0.076435216,0
0,0.038343526,1
0,0.04635088,0
0,0.07345275,0
0,0.10287224,1
0,0.24800141,0
0,0.068117835,0
0,0.038350478,0
0,0.08423913,0
0,0.086611465,0
0,0.036035053,0
0,0.032703105,0
0,0.096346274,0
0,0.06546212,0
0,0.11444544,1
0,0.06658975,0
1,0.5186686,1
0,0.055439733,1
0,0.1013402,0
0,0.053027377,0
0,0.030676773,0
0,0.07943973,0
0,0.060448717,0
0,0.07922653,0
0,0.027116857,0
0,0.3342043,0
0,0.050297495,0
0,0.1492745,0
0,0.043317687,0
0,0.033750065,0
0,0.08431887,0
0,0.29516128,1
0,0.12466524,0
0,0.09986984,1
1,0.80129284,0
0,0.04180401,0
0,0.037972752,0
0,0.06904189,0
0,0.042254064,0
1,0.8513994,0
0,0.18566301,1
0,0.11198949,0
0,0.112943776,0
0,0.079822704,0
0,0.0412621,0
0,0.068117835,0
0,0.32166374,0
0,0.059506368,0
0,0.07922382,0
0,0.050981607,0
0,0.113018155,0
0,0.029513253,0
0,0.051686443,0
0,0.17643976,1
0,0.030600598,0
0,0.08023707,0
0,0.044573843,0
0,0.064044505,0
0,0.07237428,0
0,0.10164804,0
0,0.027561681,0
0,0.04053164,0
0,0.07499501,0
0,0.08263831,1
0,0.062363982,0
0,0.042425014,0
0,0.21245554,0
0,0.038249813,0
0,0.11688111,1
0,0.095174804,0
0,0.4088325,0
0,0.029167132,0
0,0.11486614,1
1,0.6719864,1
0,0.079418615,0
0,0.044609107,0
0,0.20073068,0
0,0.115223564,0
0,0.05557261,0
0,0.088954434,0
0,0.18946406,0
0,0.057016037,0
0,0.067919195,0
0,0.10869409,0
0,0.07446975,0
0,0.096459754,0
0,0.10715302,0
0,0.21084203,0
0,0.092306264,0
0,0.07074057,0
0,0.07015791,0
0,0.035612356,0
0,0.032240503,0
0,0.38404587,0
0,0.12399009,0
1,0.668806,0
0,0.39305,0
0,0.03651937,1
0,0.06366946,0
0,0.07237428,0
0,0.04180401,0
1,0.7386468,1
0,0.030600598,0
0,0.11208683,0
0,0.044573843,0
0,0.04623414,1
0,0.22893988,0
0,0.05937942,0
0,0.11029579,0
0,0.09602714,0
0,0.06530293,0
0,0.068526745,0
0,0.033490006,0
0,0.041605275,0
0,0.063455805,0
1,0.8767614,1
0,0.29259127,0
0,0.05557261,0
0,0.4371438,0
0,0.07177919,0
0,0.07446975,0
0,0.48589444,1
0,0.037453257,0
0,0.06518908,0
0,0.33439922,1
0,0.07454829,0
0,0.086774305,0
0,0.3208262,0
0,0.11208895,0
0,0.08263838,0
1,0.5964134,0
0,0.050523832,0
0,0.2442735,1
0,0.076182514,0
0,0.068526745,0
0,0.033179875,0
0,0.0678258,0
0,0.12466524,0
0,0.047068603,0
0,0.05547399,0
0,0.07177919,0
0,0.062201176,0
0,0.02766807,0
0,0.025544103,0
0,0.028339727,0
0,0.09129379,0
0,0.046899233,0
0,0.06895588,1
0,0.05330496,0
0,0.09428655,0
0,0.12869997,0
0,0.29414362,0
0,0.036665592,0
0,0.081099205,0
0,0.030600598,0
0,0.04925725,0
0,0.04666887,0
0,0.076182514,0
0,0.13322997,0
0,0.2585085,1
0,0.046739247,0
0,0.043657023,0
0,0.06272477,0
0,0.10010661,1
0,0.027198505,0
0,0.030668877,0
1,0.61905897,0
0,0.04395676,0
1,0.74053854,1
1,0.5044023,0
0,0.04305781,0
0,0.29686928,0
0,0.033750065,0
0,0.07093488,0
0,0.07586858,0
0,0.030823361,0
0,0.054254867,0
0,0.04395676,0
0,0.039698493,0
0,0.087736,0
0,0.044542417,0
0,0.1186912,0
0,0.166485,0
0,0.07345275,0
0,0.08913996,0
0,0.046326797,0
0,0.033750065,0
1,0.8223579,0
0,0.035326965,0
0,0.026624558,0
0,0.36726207,0
0,0.07499501,0
0,0.10689903,0
0,0.02934854,0
0,0.050523832,0
0,0.03351582,0
0,0.027211599,0
0,0.0604064,0
0,0.02818828,0
0,0.053113528,0
0,0.038887445,1
0,0.095174804,0
1,0.7781397,0
0,0.029167132,0
0,0.039115768,0
0,0.07717651,0
0,0.035326965,0
0,0.03486251,0
0,0.05151493,0
0,0.0874064,0
0,0.041611627,0
0,0.07040262,0
0,0.053875573,0
0,0.0976119,0
0,0.04180401,0
0,0.31894806,0
0,0.09865805,0
0,0.04395676,0
0,0.027344784,0
0,0.041438304,0
1,0.8639681,1
0,0.090191096,0
0,0.031151846,0
0,0.114451796,1
0,0.068526745,0
0,0.06221083,0
0,0.07454829,0
0,0.07015791,0
0,0.054398544,0
0,0.068526745,0
0,0.066531986,0
0,0.09312963,0
0,0.045798585,0
0,0.044412658,1
0,0.08978041,0
0,0.029323677,0
0,0.049696375,0
0,0.033179875,0
0,0.06971511,0
1,0.787096,0
0,0.030600598,0
0,0.045798585,0
0,0.10653742,0
0,0.05684919,0
0,0.086774305,0
0,0.08023707,0
0,0.07217239,0
0,0.047120776,0
0,0.18836811,1
0,0.095174804,0
0,0.08869586,0
0,0.0308185,0
0,0.041332558,0
0,0.22057928,0
0,0.029685933,0
0,0.028339727,0
0,0.06377884,0
0,0.038964875,0
0,0.048773378,0
0,0.030505374,0
0,0.0653648,0
0,0.03166523,0
0,0.03964749,0
0,0.10872507,0
0,0.083879925,0
0,0.06866463,0
0,0.3903423,0
0,0.04438861,0
0,0.12555532,0
0,0.08908983,0
0,0.031434022,0
0,0.063120335,0
0,0.028339727,0
0,0.0829288,0
0,0.083879925,0
0,0.05350436,0
0,0.086774305,0
0,0.07177919,0
0,0.13377012,0
0,0.056127027,0
0,0.05937317,0
0,0.034318417,0
0,0.068526745,0
0,0.104617156,0
0,0.087737225,0
0,0.2928207,0
0,0.26402658,0
0,0.48236775,1
0,0.41813478,0
0,0.045798585,0
0,0.43947044,1
0,0.19962662,0
0,0.09080494,1
0,0.06736672,1
0,0.06675224,0
0,0.06658975,1
0,0.046660043,0
0,0.035612356,0
1,0.65914077,1
0,0.07454829,1
0,0.0666146,0
0,0.038964875,0
0,0.04053164,1
0,0.027771112,0
0,0.05133602,0
0,0.03580222,0
0,0.076182514,0
0,0.033750065,0
0,0.104617156,0
0,0.08054014,1
0,0.10563176,0
0,0.42529273,0
0,0.09012821,0
0,0.067607954,0
0,0.053412743,0
0,0.038343526,0
0,0.093398385,0
0,0.103089154,0
0,0.0738855,0
0,0.07237428,0
0,0.04395676,0
0,0.09047869,0
0,0.10139549,0
0,0.038729653,0
0,0.11125848,0
0,0.04865623,0
0,0.3824841,1
0,0.06658975,0
0,0.03359771,0
0,0.4061236,0
0,0.08752756,0
0,0.030600598,0
0,0.031835053,0
0,0.11208895,0
0,0.0590683,0
0,0.097481064,0
0,0.37171036,1
0,0.15987588,0
0,0.022159515,0
0,0.21056697,0
0,0.021410653,0
0,0.030600598,0
0,0.076435216,0
0,0.07177919,0
0,0.090999864,0
0,0.09129379,0
0,0.032140456,0
0,0.028628113,0
0,0.1013402,0
0,0.05511909,0
0,0.076435216,0
0,0.029564979,0
0,0.02818828,0
0,0.053523812,0
0,0.051686443,0
0,0.09678244,1
0,0.07345275,0
0,0.101106174,0
0,0.29552627,0
0,0.2928207,0
0,0.03580222,0
0,0.02953465,0
1,0.6422605,1
0,0.17967543,0
1,0.6536455,1
1,0.5766699,0
0,0.103089154,0
0,0.02857317,0
0,0.04951117,0
0,0.08913996,0
0,0.08431887,0
0,0.029513253,0
1,0.80818003,1
0,0.12538527,0
0,0.086774305,0
0,0.030292885,0
0,0.04395676,1
0,0.09118334,0
0,0.042802323,1
0,0.040382702,0
0,0.04446346,0
0,0.067458,0
0,0.031152884,0
0,0.068736926,1
0,0.03587344,0
0,0.103089154,0
0,0.058688946,0
0,0.10689903,0
0,0.087223195,0
0,0.1186912,0
0,0.04861956,0
0,0.072314054,1
1,0.67098814,1
0,0.22020751,0
0,0.09408997,0
1,0.7618447,1
0,0.08096534,0
0,0.17486197,0
0,0.108153515,0
0,0.29100552,0
0,0.049719743,0
0,0.06611097,0
0,0.072392605,0
0,0.036665592,0
0,0.042425014,0
0,0.09312963,0
0,0.029167132,0
0,0.03751839,0
0,0.052464444,0
0,0.103089154,0
0,0.095514365,0
0,0.032822095,0
0,0.025544103,0
0,0.029167132,0
0,0.11999991,0
0,0.2151413,0
0,0.26175222,0
0,0.10457683,0
0,0.09431722,0
0,0.032822095,1
0,0.35427073,1
0,0.053936686,0
0,0.046011448,0
0,0.2096109,0
0,0.21351269,0
0,0.33929944,0
0,0.08404249,0
0,0.040958747,0
0,0.45046988,0
0,0.029167132,0
0,0.10387266,1
0,0.17220108,1
0,0.06971511,0
1,0.6367572,1
0,0.04180401,0
0,0.083879925,0
0,0.050277337,0
0,0.045269813,0
0,0.03929318,0
0,0.05756932,0
0,0.02818828,0
0,0.040926334,0
0,0.029756555,0
0,0.040018424,0
0,0.10403685,0
0,0.107935786,0
0,0.049153373,1
0,0.055794448,0
0,0.089417346,0
0,0.28793564,0
0,0.30855614,1
0,0.054748453,0
0,0.07922382,0
0,0.07602137,0
0,0.036035053,0
0,0.06745974,0
1,0.68295836,1
0,0.038515527,0
0,0.052625895,0
0,0.041611627,0
0,0.08869586,0
0,0.19949518,1
0,0.08897743,0
0,0.035995416,0
0,0.044651985,0
0,0.046011448,0
0,0.12675926,0
0,0.025544103,0
0,0.07184332,0
0,0.03801847,0
0,0.4698937,1
0,0.025868585,0
0,0.051679377,0
0,0.032511197,0
0,0.028854977,0
0,0.05681541,0
0,0.02818828,0
0,0.106504,0
0,0.07177919,0
0,0.054941263,0
0,0.068526745,0
0,0.086774305,0
0,0.050474733,0
0,0.15808895,0
0,0.09971,0
0,0.03587344,0
0,0.058995772,0
1,0.7472435,0
0,0.10768795,0
0,0.06487853,0
1,0.51081175,1
0,0.07469572,0
0,0.03974964,0
0,0.08103207,1
0,0.0716081,0
0,0.086233556,0
0,0.034077566,0
0,0.044219993,0
0,0.07987003,0
0,0.094499856,0
0,0.42591998,1
0,0.1814163,0
0,0.08869586,0
0,0.06374612,0
0,0.033650298,0
0,0.06451709,0
0,0.04669813,0
0,0.17621708,0
0,0.038964875,0
0,0.042058036,0
0,0.09803871,0
0,0.11718165,0
0,0.09539963,0
0,0.029167132,0
0,0.04392109,0
0,0.07625765,1
0,0.050454523,0
0,0.030600598,0
0,0.03102623,0
0,0.29183942,0
0,0.09362971,0
0,0.034318417,0
0,0.11084534,0
0,0.059522636,0
0,0.027289214,0
0,0.057016037,0
0,0.04747386,0
0,0.12609877,0
0,0.032893248,0
0,0.1269459,0
0,0.04669813,0
0,0.076182514,0
0,0.082070716,0
0,0.089417346,0
0,0.07499501,0
0,0.04265597,0
0,0.06736672,0
0,0.2585085,0
0,0.048090693,0
0,0.4138254,0
0,0.04395676,0
0,0.07289189,0
0,0.11157145,0
0,0.07177919,0
0,0.09937001,0
0,0.054981768,1
0,0.038720246,0
0,0.030108452,0
0,0.030668877,0
0,0.02836791,0
0,0.103089154,0
0,0.055287536,0
0,0.13934363,0
0,0.088954434,0
0,0.038203523,0
0,0.045943003,0
0,0.28967783,0
0,0.051176686,0
0,0.045115117,0
0,0.04063171,0
0,0.09080494,0
0,0.048600428,0
0,0.027101973,0
0,0.07240658,0
0,0.068526745,0
0,0.059522636,0
0,0.039020326,0
0,0.03351582,0
0,0.08103207,0
0,0.082655326,0
0,0.04985827,0
0,0.036035053,0
0,0.047103394,0
0,0.034981813,0
0,0.068736926,0
0,0.07454829,0
0,0.025544103,0
0,0.03801847,0
0,0.076928176,0
0,0.21344507,0
0,0.07177919,0
0,0.03506688,0
0,0.032397334,0
0,0.03102623,0
0,0.15782385,1
0,0.046707258,0
0,0.034981813,0
0,0.08427033,0
0,0.09129379,0
0,0.068526745,0
0,0.4953792,1
1,0.6589986,1
0,0.08023707,0
0,0.11643718,1
0,0.072129585,0
0,0.10734526,0
0,0.32617286,0
0,0.020999022,0
0,0.09312963,0
0,0.10689903,0
0,0.052023925,0
0,0.093903646,1
1,0.5944011,1
0,0.10387266,0
0,0.036918722,0
0,0.07138961,0
0,0.07177919,0
0,0.083879925,0
0,0.07803122,1
0,0.097481064,0
0,0.04925725,0
0,0.030668877,0
0,0.035612356,0
0,0.30029148,1
0,0.046326797,0
0,0.047103394,0
0,0.036716126,0
0,0.10022461,0
0,0.082391955,0
0,0.11461029,0
0,0.041237887,0
0,0.04818859,0
0,0.033750065,0
0,0.09426642,0
0,0.027650025,0
0,0.26699603,1
0,0.030489398,0
0,0.17921728,0
0,0.35738763,1
0,0.02643363,0
0,0.030600598,0
0,0.44262883,1
0,0.057016037,0
0,0.031152884,0
0,0.0332713,0
0,0.089417346,0
1,0.73251414,0
0,0.042450093,0
0,0.07289189,0
0,0.05944483,0
0,0.068526745,0
0,0.099599734,0
0,0.08986503,0
0,0.05289793,0
0,0.10092078,0
0,0.05407546,0
0,0.15874611,0
0,0.033179875,0
0,0.07605609,0
0,0.08423913,0
0,0.028339727,0
0,0.043833874,0
0,0.07454829,0
0,0.05210329,0
0,0.05492972,0
0,0.0874434,0
0,0.04144507,0
0,0.04777374,0
0,0.033750065,1
0,0.046062063,0
0,0.040127818,0
0,0.07004446,0
0,0.057840317,0
0,0.038964875,0
0,0.3240812,0
0,0.068526745,0
0,0.06794935,0
0,0.4291395,1
0,0.049007993,0
0,0.046111934,0
0,0.07177919,0
0,0.12266718,0
0,0.039633267,0
0,0.05547399,0
0,0.2971941,0
0,0.050454523,0
0,0.1813125,0
0,0.086774305,0
0,0.064686745,0
0,0.07100943,0
0,0.034433473,0
0,0.040302325,0
0,0.0441487,0
0,0.06804718,0
0,0.16739781,0
0,0.02643363,0
0,0.11097919,0
0,0.055920206,0
0,0.04395676,0
0,0.037902668,0
0,0.051554866,0
0,0.052293103,0
0,0.09070374,0
0,0.047311146,1
0,0.041158207,0
0,0.065726824,0
0,0.038327552,0
1,0.9002049,1
0,0.04395676,0
0,0.19753557,0
0,0.33281732,0
0,0.2802163,0
0,0.026522214,0
0,0.034433473,0
0,0.0678258,0
1,0.54400504,1
0,0.064202964,0
0,0.045115117,0
0,0.12422868,0
0,0.22635652,1
0,0.28111455,0
0,0.07177919,0
0,0.11049192,0
0,0.2928207,0
0,0.07469572,0
0,0.116892,0
0,0.098986514,0
0,0.08404249,0
0,0.09080494,0
0,0.030921143,0
0,0.11486614,0
0,0.0370978,0
0,0.10279862,0
0,0.03674916,0
0,0.031835053,0
0,0.07177919,0
0,0.05086505,0
0,0.08913996,0
0,0.032997593,0
0,0.0976119,0
0,0.035612356,0
0,0.11502341,0
0,0.042040296,0
0,0.06971511,0
0,0.030652817,0
0,0.063802026,0
0,0.28960106,0
0,0.032005448,0
0,0.036320686,0
0,0.33510154,1
0,0.09722085,0
0,0.104617156,1
0,0.052935198,1
0,0.07177919,0
0,0.07680657,0
0,0.086469345,0
0,0.042450093,0
0,0.053527147,0
0,0.06866463,0
0,0.040127818,0
0,0.031918984,0
0,0.15745045,0
0,0.046707258,0
1,0.6780475,0
0,0.038219187,0
0,0.07177919,0
0,0.09704829,0
0,0.048656847,0
0,0.068526745,0
0,0.076182514,0
0,0.082070716,0
0,0.040305793,0
0,0.03589213,0
0,0.0752566,0
0,0.074106306,0
0,0.030108452,0
0,0.29720154,0
0,0.045943003,0
0,0.058688655,0
0,0.040926334,0
0,0.09965647,0
0,0.069100276,0
0,0.04395676,0
0,0.08431887,0
0,0.09678244,0
0,0.09129379,0
0,0.033750065,0
0,0.06336718,0
0,0.41190085,1
0,0.046011448,0
0,0.083879925,0
0,0.08423913,0
0,0.09047869,0
0,0.035525072,1
0,0.06358911,0
0,0.030600598,0
0,0.028339727,0
0,0.42676872,1
1,0.7499877,0
0,0.10527394,0
0,0.04395676,1
0,0.023102675,0
0,0.051290587,0
0,0.07922653,0
0,0.1810182,0
0,0.032571543,0
0,0.07096326,0
0,0.041418426,0
0,0.05892203,0
0,0.091118604,0
0,0.10352011,1
0,0.02766807,0
0,0.07284572,0
0,0.023411717,0
0,0.06347403,0
0,0.076435216,0
0,0.025544103,0
0,0.03638061,0
0,0.038343526,0
0,0.07015791,0
0,0.031835053,0
0,0.035612356,0
0,0.033750065,0
0,0.027198505,0
0,0.1277741,0
0,0.07237428,0
0,0.030448452,0
0,0.07175302,0
0,0.08762477,0
0,0.032822095,0
0,0.0716081,0
0,0.030158851,0
0,0.12818302,1
0,0.087644964,0
0,0.111187905,0
0,0.061085366,0
0,0.076182514,0
0,0.32367387,1
0,0.056127027,0
0,0.102834426,0
0,0.08793029,0
0,0.07922382,0
0,0.064686745,0
0,0.07499501,0
0,0.022949742,0
0,0.33295044,0
1,0.6186461,1
0,0.053844843,0
0,0.2982094,1
0,0.059313327,0
0,0.0441487,0
0,0.08583959,0
0,0.031835053,0
0,0.22845365,0
0,0.12262452,0
0,0.035612356,0
0,0.032822095,0
0,0.06294079,1
0,0.08404249,0
0,0.11049192,0
0,0.03587344,0
0,0.03638061,0
0,0.03580222,0
0,0.05378218,0
0,0.042040296,0
0,0.108153515,0
0,0.059871677,1
0,0.07922382,0
0,0.09129379,0
0,0.07177919,0
0,0.046412792,0
1,0.748165,1
0,0.09658486,0
0,0.046011448,0
0,0.042425014,0
0,0.03967804,0
0,0.037142344,0
0,0.0835889,0
0,0.027740391,0
0,0.032822095,0
0,0.06020443,1
0,0.10991879,0
0,0.08369428,0
0,0.044609107,1
0,0.0508003,0
0,0.049890142,0
0,0.09070374,0
0,0.038939755,0
0,0.02818828,0
0,0.085145034,0
0,0.033750065,0
0,0.08796027,0
0,0.056127027,0
0,0.046011448,0
0,0.097481064,0
0,0.07015791,0
0,0.44818616,0
0,0.19502313,0
0,0.09971,0
0,0.07015791,1
0,0.078487284,0
0,0.08609845,0
0,0.027121142,0
0,0.069961786,0
0,0.11208683,0
0,0.035326965,0
0,0.02814398,0
0,0.091985,0
0,0.09161408,0
0,0.040377595,0
0,0.065948516,0
0,0.25325182,0
0,0.09423707,0
0,0.04182392,0
0,0.038343526,0
0,0.4297159,0
0,0.082743436,0
0,0.029513253,1
0,0.029323677,0
0,0.032822095,0
0,0.0666146,1
0,0.06668612,0
0,0.04777374,0
0,0.35533357,0
0,0.20540252,1
0,0.08423913,1
0,0.07069898,0
0,0.183418,0
0,0.07605609,0
0,0.04236012,1
0,0.05221096,0
0,0.09971,0
0,0.076016895,0
0,0.087736,0
0,0.036887538,0
0,0.050167322,0
0,0.15235318,0
0,0.040302325,1
0,0.033750065,0
0,0.083879925,0
0,0.03580222,0
0,0.059713133,0
0,0.082743436,0
0,0.025868585,0
0,0.05944483,0
0,0.08423913,0
0,0.08092383,0
0,0.26914838,1
0,0.08121208,0
0,0.11221819,1
0,0.031545565,0
0,0.0976119,0
0,0.07165951,0
0,0.07469572,0
0,0.041908078,0
0,0.02643363,0
0,0.031793445,0
0,0.35233396,0
0,0.41213042,1
0,0.09971,0
0,0.07586858,0
0,0.096254386,0
0,0.24643575,0
0,0.037414372,0
0,0.3760251,0
0,0.062332883,0
0,0.11084534,0
0,0.082655326,0
0,0.0827347,0
0,0.035612356,0
0,0.025544103,0
0,0.07177919,0
0,0.05544507,0
0,0.03709839,0
0,0.061085366,0
0,0.0278168,0
0,0.07177919,0
0,0.0686657,0
0,0.05547399,0
0,0.098986514,0
0,0.03407799,0
0,0.02719421,0
0,0.03389695,0
1,0.62877536,0
0,0.02818828,0
0,0.032927826,0
0,0.029167132,0
0,0.04236012,0
0,0.055287536,0
0,0.046899233,1
0,0.033750065,0
0,0.087736,0
0,0.040382702,0
0,0.10950818,0
0,0.033650298,0
0,0.4133672,1
0,0.040669255,0
0,0.045013085,0
0,0.04236012,0
0,0.31970415,0
0,0.085917,0
0,0.46632144,1
0,0.05830021,0
0,0.103985585,0
0,0.04992616,0
0,0.083879925,0
0,0.03833147,0
0,0.092006326,0
0,0.060740914,0
0,0.068526745,0
0,0.0716081,0
0,0.2515457,0
0,0.091937095,0
0,0.07753186,0
0,0.049890142,0
0,0.094499856,0
0,0.2547975,0
0,0.06006787,0
0,0.046899233,0
0,0.055983238,0
0,0.08851703,0
0,0.046011448,0
0,0.087736,0
0,0.05990295,0
0,0.038939755,0
0,0.030652817,1
0,0.02325683,1
0,0.1186912,0
0,0.4748548,0
0,0.10689903,0
0,0.22100553,0
0,0.056571264,0
0,0.12936637,0
0,0.08804965,0
0,0.046707258,0
0,0.0835889,0
0,0.045397203,0
0,0.087736,0
0,0.07690396,1
0,0.10527394,0
0,0.050893545,1
0,0.03267957,0
0,0.10499122,0
0,0.08796027,0
0,0.03809906,0
0,0.032927826,0
0,0.042083986,0
0,0.051522773,0
0,0.057707183,0
0,0.042425014,0
0,0.12321641,0
0,0.06273405,0
0,0.027245212,0
0,0.02643363,0
0,0.090596355,1
0,0.09511208,1
0,0.09143216,0
0,0.09578407,0
0,0.2892869,0
0,0.07877663,0
0,0.029323677,0
0,0.11634618,0
0,0.087644964,0
0,0.08913996,0
0,0.076435216,0
0,0.11760347,0
0,0.11412887,0
0,0.082391955,0
0,0.059904307,0
0,0.038964875,0
0,0.047913667,0
0,0.046616174,0
0,0.07289189,0
0,0.07100943,0
0,0.0669764,0
0,0.03389695,0
0,0.08263831,0
0,0.07124156,0
0,0.12936637,0
0,0.088937566,0
0,0.4236017,1
0,0.075297825,0
0,0.0835889,0
0,0.087586716,0
0,0.036035053,0
0,0.04777374,0
0,0.025544103,0
0,0.033750065,0
0,0.049153373,0
0,0.32984373,0
0,0.10527394,0
0,0.03407799,0
0,0.046412792,0
0,0.02979055,0
0,0.030600598,0
1,0.6002889,1
0,0.049890142,0
0,0.12936637,0
0,0.03272426,0
0,0.032760747,0
0,0.3774504,1
0,0.09986984,0
0,0.053364884,0
0,0.02818828,0
0,0.09312963,0
0,0.02818828,0
0,0.040712345,0
0,0.059669096,0
0,0.07922382,0
0,0.072524495,0
0,0.025868585,0
0,0.4342665,0
0,0.03638061,0
0,0.09070374,0
0,0.029167132,0
0,0.3676994,0
0,0.0773041,0
0,0.092302315,1
0,0.19502313,0
0,0.06272477,0
0,0.08574932,1
0,0.06866463,0
0,0.042425014,0
0,0.049153373,0
0,0.45614108,0
0,0.049816214,0
0,0.087223195,0
0,0.04837398,0
0,0.07237428,0
0,0.020076724,0
0,0.051509187,0
0,0.04511473,0
0,0.07289189,0
0,0.090596355,0
0,0.3520495,0
0,0.053207695,0
0,0.35086116,0
0,0.029512435,0
0,0.02766807,0
0,0.29806414,0
0,0.051856898,0
0,0.04250224,0
0,0.046011448,0
0,0.029323677,0
0,0.0323382,0
0,0.028478319,0
0,0.051176686,0
0,0.08913996,0
0,0.04616151,0
0,0.068526745,0
0,0.07672868,0
0,0.029167132,0
0,0.042864986,0
0,0.056127027,0
0,0.121766,0
0,0.053993627,0
0,0.10561211,0
0,0.0976119,0
0,0.06434022,0
0,0.09822577,0
0,0.046743937,0
0,0.10499122,0
0,0.03675233,0
0,0.0756396,0
0,0.034081522,0
1,0.8479189,1
0,0.030158851,0
0,0.065468505,0
0,0.06451709,0
0,0.08877071,0
0,0.12897061,0
1,0.90574354,1
0,0.05151493,0
0,0.14354464,0
0,0.05350227,0
0,0.03777805,0
0,0.050246727,0
0,0.09965647,0
0,0.10139549,0
0,0.10279862,0
0,0.07177919,0
0,0.043245636,0
0,0.03200166,0
0,0.03638061,1
0,0.038964774,1
0,0.0892454,0
1,0.8329664,0
0,0.03801847,0
0,0.04674648,0
0,0.03272426,0
0,0.07237428,0
0,0.11221819,0
0,0.08263838,0
0,0.031234622,0
0,0.02953465,0
0,0.11084534,0
0,0.068526745,0
0,0.07317858,0
0,0.09305559,0
0,0.08363475,0
0,0.027650025,0
0,0.10563176,0
0,0.041908078,0
0,0.092006326,0
0,0.10563176,0
0,0.063293524,0
1,0.5143973,1
0,0.081099205,0
0,0.04180401,0
0,0.09129379,0
0,0.04925725,0
0,0.049729105,0
0,0.051509187,0
0,0.049890142,0
0,0.04181994,0
0,0.068526745,0
0,0.07922382,0
0,0.036621768,0
0,0.1813125,0
0,0.12120416,1
0,0.030505374,0
0,0.045115117,0
0,0.04085132,0
0,0.03801847,0
0,0.056127027,0
0,0.082391955,0
0,0.06305208,0
0,0.25885302,0
0,0.086774305,0
0,0.039437894,0
0,0.058995772,0
0,0.08804965,0
0,0.062998734,0
0,0.088125706,1
0,0.07987406,0
0,0.062882096,0
0,0.0323382,0
0,0.33215597,1
0,0.14370914,0
0,0.02818828,0
0,0.065948516,0
0,0.087932065,0
0,0.22004975,0
0,0.068736926,0
0,0.12178447,0
0,0.346406,0
0,0.09129379,0
0,0.08747593,0
0,0.03844425,0
0,0.098986514,0
0,0.05338587,0
0,0.02818828,0
0,0.11486614,0
0,0.04395676,0
0,0.09824127,0
0,0.04395676,0
0,0.03192949,0
0,0.057444666,0
0,0.10951944,0
0,0.2104577,1
0,0.3122538,1
0,0.058944132,0
0,0.046011448,0
0,0.03193568,0
0,0.33215597,0
0,0.04053164,0
0,0.48964593,0
0,0.049696375,0
0,0.02643363,0
0,0.050167322,0
0,0.28111455,0
0,0.03587344,0
0,0.11049192,0
0,0.07177919,0
0,0.08121208,0
0,0.15229353,0
0,0.07345275,0
0,0.10205185,0
0,0.07289189,0
0,0.11451294,0
0,0.04180401,0
0,0.26105142,0
0,0.033750065,0
0,0.035612356,0
0,0.0932735,0
0,0.03256107,0
0,0.03580222,0
0,0.027198505,0
0,0.0278168,0
0,0.096921735,0
0,0.080624506,0
0,0.02818828,0
0,0.05611748,0
0,0.064435944,0
0,0.14261529,0
0,0.03192949,0
0,0.07093488,0
0,0.06221083,0
0,0.038848948,0
0,0.078895785,0
0,0.07177919,0
0,0.10737606,0
0,0.039708294,0
0,0.18481983,0
0,0.09289129,0
1,0.77685994,1
0,0.10737606,0
0,0.034993645,0
0,0.10918726,0
0,0.0947505,0
0,0.07069898,0
0,0.29806414,0
0,0.09658486,0
0,0.075897925,0
0,0.050154973,0
0,0.07015791,0
0,0.03053667,0
0,0.058288924,0
0,0.068526745,0
0,0.108153515,0
0,0.068526745,0
0,0.08158158,0
0,0.0793231,0
0,0.07284572,0
0,0.10466552,0
0,0.0835889,0
0,0.032467168,0
0,0.10734526,0
0,0.061920412,0
1,0.74544275,1
0,0.046089835,0
0,0.07499501,0
0,0.055253252,0
0,0.03393035,0
0,0.10959772,0
0,0.054583687,0
0,0.027101973,0
0,0.03720087,0
0,0.47382814,1
0,0.03193568,0
0,0.057707183,0
0,0.033449117,0
0,0.04407545,0
0,0.3701394,1
0,0.07177919,0
0,0.08023707,0
0,0.059308913,0
0,0.10689903,0
0,0.3632597,0
0,0.07806622,0
1,0.6799664,1
0,0.052180428,0
0,0.24612704,1
0,0.025391972,0
0,0.07645193,0
0,0.11141379,1
0,0.049007993,1
0,0.029167132,0
0,0.037036803,0
0,0.088954434,0
0,0.08214901,0
0,0.087736,0
1,0.6690275,1
0,0.06945698,0
0,0.032822095,0
0,0.043245636,0
0,0.02911946,0
0,0.029167132,0
0,0.097481064,0
0,0.038515527,0
0,0.040926334,0
1,0.55457234,1
0,0.056127027,0
0,0.12861939,0
0,0.076435216,1
1,0.87080586,1
0,0.025071431,0
0,0.07987003,0
0,0.1128535,0
0,0.43210852,0
0,0.102511704,0
0,0.07040262,0
0,0.04335198,0
0,0.038343526,0
0,0.10869409,0
0,0.08404249,0
0,0.47305068,1
0,0.039857976,0
0,0.16607076,0
0,0.05350227,0
0,0.046899233,0
0,0.057669055,0
0,0.09524872,0
0,0.07217239,0
0,0.07446975,0
0,0.02680028,0
0,0.3544613,0
0,0.07353805,0
0,0.09572749,0
0,0.10563176,0
0,0.07789323,0
0,0.32226446,1
0,0.037126575,0
0,0.16377923,0
0,0.06451709,1
0,0.039115768,0
1,0.89234984,1
0,0.066531986,0
1,0.6556605,1
0,0.05249405,0
0,0.09084415,1
0,0.098986514,0
0,0.054876614,0
0,0.04777374,0
0,0.027289214,0
0,0.10597094,0
0,0.08127807,0
0,0.0436759,0
0,0.03580222,0
0,0.2768882,0
0,0.4200647,0
0,0.10139549,0
0,0.09824127,0
0,0.04746499,0
0,0.19949518,1
0,0.09986984,0
0,0.038964946,0
0,0.089417346,0
0,0.09423707,0
0,0.06781455,0
0,0.107788175,0
0,0.12658277,0
0,0.05560732,0
0,0.05439982,0
0,0.030600598,0
0,0.09305301,0
1,0.5773971,1
0,0.05505441,0
0,0.08263838,0
0,0.09150571,0
0,0.20923488,0
0,0.08717361,0
0,0.07454829,0
1,0.7290239,1
0,0.16411196,0
0,0.040318087,0
1,0.54882467,0
0,0.031330183,0
0,0.24828468,1
0,0.0707185,0
0,0.051176686,1
0,0.068736926,0
0,0.072314054,0
0,0.36133686,1
0,0.0716081,0
0,0.15235318,0
0,0.112943776,0
0,0.11208895,0
0,0.033390116,0
0,0.03833147,0
0,0.103089154,0
0,0.038343526,0
0,0.086774305,0
0,0.038373437,0
0,0.07177919,0
0,0.02818828,0
0,0.36649656,1
0,0.087736,0
1,0.6739761,1
0,0.056992564,0
0,0.29805917,1
0,0.111817345,0
0,0.082070716,0
0,0.10563176,0
0,0.11444544,0
0,0.053993627,0
0,0.06998754,0
0,0.09537604,0
0,0.04880636,0
0,0.05629965,0
0,0.11399858,0
0,0.03284287,0
0,0.086774305,0
0,0.37853068,1
0,0.103089154,0
0,0.1003906,0
0,0.046011448,0
1,0.7321229,1
0,0.2451728,0
0,0.3264751,1
0,0.031151846,0
0,0.06470354,0
1,0.6637347,1
0,0.04180401,0
0,0.07177919,0
0,0.091985,0
0,0.04669813,0
0,0.116324976,0
0,0.050391395,0
0,0.10918726,0
0,0.0453034,0
0,0.069064796,0
0,0.10918726,0
0,0.07355374,0
0,0.14756687,0
0,0.023789268,0
0,0.0886475,0
0,0.042425014,0
0,0.1901221,0
0,0.032571543,0
0,0.044542417,0
0,0.06518908,0
0,0.15261258,0
0,0.044219993,0
0,0.218299,0
0,0.09052715,1
0,0.12586366,0
0,0.21208607,0
0,0.4665341,1
0,0.046899233,0
0,0.11451294,0
0,0.045013085,0
0,0.032893248,0
1,0.68504715,1
0,0.092006326,0
0,0.16114306,0
1,0.56760246,1
0,0.068526745,0
0,0.03166523,0
0,0.068526745,0
0,0.05962174,0
0,0.097481064,0
0,0.07289189,0
0,0.02818828,1
0,0.03463614,0
1,0.5906384,0
0,0.22599287,0
0,0.07557037,0
0,0.10048549,1
0,0.030600598,0
0,0.033796247,0
0,0.12691511,0
0,0.09971,0
0,0.023102675,0
0,0.068526745,0
0,0.044609107,0
0,0.07401451,0
0,0.029756555,0
0,0.053524867,0
0,0.02643363,0
0,0.37317687,0
0,0.045188345,0
0,0.053691816,1
0,0.053129125,0
0,0.084625654,0
0,0.040245153,0
0,0.05547399,0
0,0.075189844,0
0,0.1186912,0
0,0.082361005,0
0,0.031918984,0
0,0.07112971,0
0,0.088043205,1
0,0.033750065,0
0,0.2699452,0
0,0.32942113,1
0,0.04133736,0
0,0.042040296,0
0,0.11902179,0
0,0.031038316,0
0,0.033215046,0
0,0.11178328,0
0,0.07177919,0
0,0.442098,1
0,0.06358911,0
0,0.04178025,0
0,0.06451709,0
0,0.03274575,0
0,0.03351582,0
0,0.02841098,0
0,0.08290889,0
0,0.087736,0
0,0.08796027,0
0,0.06658975,0
1,0.8369066,1
0,0.09658486,0
0,0.07177919,0
0,0.32157356,1
0,0.049058642,0
0,0.083757974,0
0,0.10403685,0
0,0.029513253,0
0,0.081099205,1
0,0.08427033,0
0,0.08121208,0
0,0.06711069,0
0,0.097481064,0
0,0.09638238,0
0,0.06954056,0
0,0.37528482,1
0,0.10403685,0
0,0.12256455,0
0,0.105669044,0
0,0.45833933,1
0,0.043096717,0
0,0.04180401,0
0,0.08023707,0
1,0.7204701,1
0,0.041438304,0
0,0.035612356,1
0,0.044366125,0
